name,student_id,date,event_id,category
Megan,1,2012-09-16,4,Q
Megan,1,2013-01-14,7,Q
Megan,1,2013-01-14,8,Q
Joseph,2,2012-09-03,1,Q
Joseph,2,2013-01-14,7,Q
Joseph,2,2013-01-14,8,Q
Kyle,3,2013-01-14,7,Q
Kyle,3,2013-01-14,8,Q
Katie,4,2012-09-23,5,Q
Katie,4,2013-01-14,7,Q
Katie,4,2013-01-14,8,Q
Abby,5,2013-01-14,7,Q
Abby,5,2013-01-14,8,Q
Nathan,6,2013-01-14,7,Q
Nathan,6,2013-01-14,8,Q
Liesl,7,2013-01-14,7,Q
Liesl,7,2013-01-14,8,Q
Ian,8,2013-01-14,7,Q
Ian,8,2013-01-14,8,Q
Colin,9,2013-01-14,7,Q
Colin,9,2013-01-14,8,Q
Peter,10,2013-01-14,7,Q
Peter,10,2013-01-14,8,Q
Michael,11,2013-01-14,7,Q
Michael,11,2013-01-14,8,Q
Thomas,12,2013-01-14,7,Q
Thomas,12,2013-01-14,8,Q
Devri,13,2012-09-03,1,Q
Devri,13,2012-10-01,6,T
Devri,13,2013-01-14,7,Q
Devri,13,2013-01-14,8,Q
Ben,14,2013-01-14,7,Q
Ben,14,2013-01-14,8,Q
Aubrey,15,2013-01-14,7,Q
Aubrey,15,2013-01-14,8,Q
Rebecca,16,2013-01-14,7,Q
Rebecca,16,2013-01-14,8,Q
Will,17,2012-09-16,4,Q
Will,17,2013-01-14,7,Q
Will,17,2013-01-14,8,Q
Max,18,2013-01-14,7,Q
Max,18,2013-01-14,8,Q
Rianne,19,2013-01-14,7,Q
Rianne,19,2013-01-14,8,Q
Avery,20,2012-09-06,2,Q
Avery,20,2013-01-14,7,Q
Avery,20,2013-01-14,8,Q
Lauren,21,2013-01-14,7,Q
Lauren,21,2013-01-14,8,Q
Becca,22,2013-01-14,7,Q
Becca,22,2013-01-14,8,Q
Gregory,23,2012-10-01,6,T
Gregory,23,2013-01-14,7,Q
Gregory,23,2013-01-14,8,Q
Sarah,24,2012-09-23,5,Q
Sarah,24,2013-01-14,7,Q
Sarah,24,2013-01-14,8,Q
Robbie,25,2013-01-14,7,Q
Robbie,25,2013-01-14,8,Q
Keaton,26,2013-01-14,7,Q
Keaton,26,2013-01-14,8,Q
Carter,27,2012-09-16,4,Q
Carter,27,2012-09-23,5,Q
Carter,27,2013-01-14,7,Q
Carter,27,2013-01-14,8,Q
Teddy,28,2013-01-14,7,Q
Teddy,28,2013-01-14,8,Q
Gabrielle,29,2012-09-16,4,Q
Gabrielle,29,2013-01-14,7,Q
Gabrielle,29,2013-01-14,8,Q
Grace,30,2012-09-23,5,Q
Grace,30,2013-01-14,7,Q
Grace,30,2013-01-14,8,Q
Emily,31,2013-01-14,7,Q
Emily,31,2013-01-14,8,Q
Francis,33,2012-09-03,1,Q
Francis,33,2012-09-06,2,Q
Francis,33,2012-09-09,3,T
Francis,33,2012-09-16,4,Q
Francis,33,2012-09-23,5,Q
Francis,33,2012-10-01,6,T
Francis,33,2013-01-14,7,Q
Francis,33,2013-01-14,8,Q
Xavier,34,2012-09-03,1,Q
Xavier,34,2012-09-06,2,Q
Xavier,34,2012-09-09,3,T
Xavier,34,2012-09-16,4,Q
Xavier,34,2012-09-23,5,Q
Xavier,34,2012-10-01,6,T
Xavier,34,2013-01-14,7,Q
Xavier,34,2013-01-14,8,Q
Thomas,35,2012-09-03,1,Q
Thomas,35,2012-09-06,2,Q
Thomas,35,2012-09-09,3,T
Thomas,35,2012-09-16,4,Q
Thomas,35,2012-09-23,5,Q
Thomas,35,2012-10-01,6,T
Thomas,35,2013-01-14,7,Q
Thomas,35,2013-01-14,8,Q
